<?xml version="1.0" encoding="utf-8" ?>
<dwsync>
<file name="0.jpg" server="27.254.172.28/public_html/" local="132861285600000000" remote="132861285600000000" Dst="0" />
<file name="1.jpg" server="27.254.172.28/public_html/" local="132861285600000000" remote="132861285600000000" Dst="0" />
<file name="2.jpg" server="27.254.172.28/public_html/" local="132861285600000000" remote="132861285600000000" Dst="0" />
<file name="index.html" server="27.254.172.28/public_html/" local="132971189890442133" remote="132971189400000000" Dst="0" />
<file name="0.jpg" server="27.254.172.28//domains/kamolthip.com/public_html/" local="133049759400000000" remote="133049743800000000" Dst="0" />
<file name="1.jpg" server="27.254.172.28//domains/kamolthip.com/public_html/" local="133049759400000000" remote="133049743800000000" Dst="0" />
<file name=".DS_Store" server="27.254.172.28//domains/kamolthip.com/public_html/" local="133049759400000000" remote="133049743800000000" Dst="0" />
<file name="2.jpg" server="27.254.172.28//domains/kamolthip.com/public_html/" local="133049759400000000" remote="133049743800000000" Dst="0" />
<file name="index.html" server="27.254.172.28//domains/kamolthip.com/public_html/" local="133049759400000000" remote="133049743800000000" Dst="0" />
</dwsync>